R,G,B,Lightness,Saturation,Hue,response,outcome,challenge_outcome
241,242,238,pale,TRUE,24,88,1,1
172,173,173,midtone,cool,24,41,1,1
237,236,230,pale,gray,14,84.073,1,1
214,215,210,light,warm,22,67,1,1
206,202,193,light,gray,10,60,1,1
238,237,228,pale,gray,9,83,1,1
217,220,219,soft,cool,24,70,1,1
183,185,181,midtone,warm,23,47,1,1
208,211,211,light,cool,25,66,1,1
65,64,64,dark,warm,24,4,1,1
209,204,194,soft,gray,14,60,1,1
132,133,133,saturated,cool,24,23,1,1
227,228,226,light,TRUE,24,77,1,1
223,220,213,light,warm,9,73,1,1
208,204,197,soft,warm,34,62,1,1
218,207,186,soft,neutral,13,61,1,1
225,218,202,light,gray,13,72,1,1
207,201,188,light,gray,11,58,1,1
210,207,204,light,warm,4,63,1,1
237,235,231,pale,gray,34,84,1,1
92,93,93,deep,cool,24,11,1,1
202,199,191,soft,warm,9,58,1,1
231,230,224,pale,gray,10,79,1,1
232,233,228,pale,TRUE,22,80,1,1
209,201,186,midtone,gray,13,58,1,1
167,157,141,saturated,gray,13,34,1,1
232,228,214,pale,gray,13,76,1,1
241,238,228,pale,gray,6,85,1,1
175,180,182,soft,cool,25,46,1,1
185,180,177,midtone,warm,34,46,1,1
231,227,214,pale,gray,12,76,1,1
196,199,196,soft,warm,23,57,1,1
232,234,230,pale,TRUE,25,83,1,1
219,215,206,light,gray,14,68,1,1
228,217,197,light,neutral,12,70,1,1
201,187,163,midtone,neutral,13,50,1,1
178,172,162,soft,gray,11,41,1,1
209,211,207,light,warm,23,65,1,1
145,142,140,saturated,warm,34,27,1,1
230,227,223,light,warm,34,77,1,1
79,68,63,dark,warm,4,5,1,1
217,220,221,light,gray,33,71,1,1
207,197,182,light,gray,7,57,1,1
210,188,155,midtone,shaded,12,50,1,1
164,167,164,midtone,warm,22,39,1,1
201,191,178,soft,gray,12,52,1,1
186,189,184,soft,warm,22,51,1,1
188,183,173,soft,gray,10,48,1,1
232,221,198,light,neutral,14,71,1,1
220,204,180,soft,neutral,12,61,1,1
190,192,194,soft,gray,33,53,1,1
142,144,141,saturated,warm,23,28,1,1
229,224,210,pale,gray,11,74,1,1
152,159,163,midtone,cool,25,35,1,1
194,189,186,soft,warm,4,52,1,1
177,170,156,midtone,gray,14,40,1,1
91,94,97,deep,cool,25,11,1,1
137,138,134,saturated,warm,22,25,1,1
217,208,193,light,gray,12,63,1,1
110,115,118,saturated,cool,25,17,1,1
233,229,215,pale,neutral,13,79,1,1
173,176,180,midtone,gray,33,45,1,1
75,68,65,dark,warm,34,6,1,1
229,221,200,light,neutral,16,71,1,1
189,182,174,soft,gray,8,47,1,1
198,180,156,midtone,neutral,12,46,1,1
184,191,194,midtone,cool,26,52,1,1
221,207,188,soft,shaded,11,62,1,1
171,168,158,midtone,gray,10,40,1,1
207,198,188,light,gray,8,58,1,1
189,176,160,soft,gray,7,45,1,1
232,227,219,pale,gray,7,76,1,1
225,207,178,soft,shaded,12,62,1,1
242,239,225,pale,shaded,15,85,1,1
96,92,88,dark,gray,11,11,1,1
91,76,68,dark,gray,3,8,1,1
229,231,230,pale,gray,33,80,1,1
225,225,219,pale,warm,23,74,1,1
110,112,109,deep,warm,22,16,1,1
70,69,68,dark,cool,25,6,1,1
111,106,104,deep,warm,34,14,1,1
128,123,118,deep,gray,10,20,1,1
205,182,155,midtone,shaded,11,47,1,1
181,171,156,midtone,gray,12,42,1,1
130,131,136,saturated,gray,33,23,1,1
216,207,190,soft,gray,13,63,1,1
161,152,139,midtone,gray,11,32,1,1
151,146,139,saturated,gray,10,29,1,1
184,180,182,soft,warm,36,46,1,1
142,149,152,saturated,cool,26,30,1,0
182,176,169,midtone,warm,9,44,1,0
238,234,221,pale,shaded,12,81,1,0
239,233,217,pale,neutral,14,80,1,0
172,154,126,saturated,neutral,13,32,1,0
169,154,137,midtone,gray,7,34,1,0
226,216,203,light,gray,6,69,1,0
236,227,204,light,shaded,13,74,1,0
205,186,153,midtone,neutral,14,48,1,0
63,76,90,dark,gray,32,7,1,0
172,58,62,dark,bright,4,12,1,0
159,148,132,saturated,gray,12,30,1,0
171,147,120,saturated,neutral,12,30,1,0
116,111,103,deep,gray,11,16,1,0
89,90,92,dark,cool,22,10,1,0
140,133,120,saturated,gray,11,23,1,0
228,223,209,light,neutral,13,73,1,0
106,107,101,deep,warm,23,14,1,0
227,221,204,light,neutral,17,71,1,0
185,192,192,light,gray,30,52,1,0
234,226,209,light,shaded,12,75,1,0
234,230,217,pale,neutral,16,78,1,0
222,207,179,soft,neutral,14,62,1,0
220,216,215,pale,warm,35,70,1,0
140,132,117,saturated,gray,14,23,1,0
111,118,120,deep,cool,26,18,1,0
210,217,219,soft,cool,26,68,1,0
209,205,202,light,warm,35,62,1,0
140,123,108,saturated,gray,7,21,1,0
134,66,62,dark,subdued,4,8,1,0
88,89,96,deep,gray,33,10,1,0
139,132,124,saturated,warm,9,24,1,0
168,176,178,soft,gray,30,43,1,0
242,236,217,light,shaded,15,82,1,0
64,78,97,dark,neutral,33,6,1,0
198,186,175,soft,gray,5,50,1,0
188,197,207,midtone,gray,32,55,1,0
234,238,236,pale,gray,32,85,1,0
180,173,169,midtone,warm,4,43,1,0
203,209,208,pale,gray,30,64,1,0
138,125,107,deep,gray,13,21,1,0
230,229,220,pale,gray,16,78,1,0
177,149,118,saturated,shaded,11,31,1,0
229,224,213,pale,gray,8,75,1,0
214,203,191,light,gray,5,60,1,0
202,200,182,soft,gray,16,56,1,0
238,233,217,pale,shaded,17,78,1,0
229,225,222,pale,warm,4,76,1,0
95,88,84,dark,warm,10,10,1,0
176,159,143,midtone,neutral,9,36,1,0
241,232,216,pale,subdued,13,80,1,0
102,93,89,deep,warm,4,12,1,0
234,233,231,pale,gray,1,82,1,0
130,117,102,deep,gray,12,18,1,0
186,178,171,soft,gray,3,45,1,0
216,195,159,midtone,subdued,13,54,1,0
76,97,119,deep,shaded,32,12,1,0
220,227,226,light,cool,26,75,1,0
169,159,150,midtone,gray,5,36,1,0
208,194,180,soft,neutral,9,55,1,0
60,79,78,dark,neutral,27,6,1,0
238,233,220,pale,neutral,11,82,1,0
141,132,127,saturated,warm,4,24,1,0
235,232,219,pale,neutral,17,79,1,0
166,151,138,saturated,gray,6,32,1,0
123,143,153,saturated,shaded,29,27,1,0
178,185,165,midtone,neutral,21,46,1,0
97,88,79,dark,gray,9,10,1,0
123,133,136,saturated,gray,30,23,1,0
107,118,128,deep,gray,32,18,1,0
89,78,64,dark,gray,12,7,1,0
192,206,214,light,gray,31,61,1,0
206,193,181,soft,gray,6,53,1,0
241,238,226,pale,bright,14,85,1,0
239,235,227,pale,neutral,8,83,1,0
123,115,107,deep,warm,9,17,1,0
153,142,131,saturated,gray,8,27,1,0
173,182,185,midtone,cool,29,47,1,0
144,139,142,saturated,warm,36,26,1,0
183,166,150,midtone,gray,6,38,1,0
223,213,200,soft,neutral,8,67,1,0
167,174,165,midtone,gray,21,42,1,0
160,64,62,dark,muted,4,11,1,0
101,118,130,deep,gray,31,18,1,0
82,94,104,dark,gray,31,11,1,0
56,74,102,dark,neutral,32,6,1,0
192,175,146,midtone,neutral,16,43,1,0
196,189,186,soft,warm,35,52,1,0
201,210,209,light,cool,27,64,1,0
228,222,213,light,neutral,9,73,1,0
119,64,65,dark,shaded,4,7,1,0
161,150,140,midtone,gray,8,31,1,0
94,104,109,deep,cool,29,13,1,0
117,149,171,midtone,shaded,30,29,1,0
195,199,189,soft,gray,21,56,1,0
164,159,159,midtone,warm,36,36,1,0
141,156,167,saturated,gray,31,33,1,0
215,210,209,light,warm,36,65,1,0
234,225,214,pale,gray,5,76,1,0
235,229,208,light,shaded,17,76,1,0
184,158,120,saturated,shaded,12,34,1,0
49,77,103,dark,shaded,32,8,1,0
232,233,233,pale,neutral,34,81,1,0
105,101,106,deep,warm,36,13,1,0
241,236,226,pale,neutral,4,84,1,0
80,72,74,dark,warm,35,5,1,0
173,191,200,midtone,shaded,29,51,1,0
232,225,213,light,neutral,11,75,1,0
234,228,214,pale,neutral,12,78,1,0
170,181,183,soft,cool,27,46,1,0
49,74,118,dark,subdued,32,6,1,0
42,75,110,dark,shaded,31,7,1,0
196,173,146,midtone,neutral,11,42,1,0
143,152,157,midtone,gray,30,31,1,0
133,143,148,saturated,cool,29,27,1,0
99,88,76,dark,gray,6,10,1,0
160,183,186,soft,gray,28,46,1,0
51,75,88,dark,shaded,29,6,1,0
123,69,62,dark,shaded,5,8,1,0
58,64,90,dark,shaded,33,4,1,0
240,233,214,pale,subdued,16,82,1,0
243,223,182,soft,bright,14,73,1,0
115,97,87,deep,neutral,8,13,1,0
207,217,222,pale,gray,31,69,1,0
108,64,62,dark,shaded,3,6,1,0
108,72,58,dark,shaded,8,8,1,0
64,65,73,dark,cool,33,5,1,0
99,89,81,dark,gray,5,10,1,0
229,219,197,light,shaded,16,70,1,0
177,156,134,midtone,neutral,10,34,1,0
140,159,160,saturated,neutral,28,33,1,0
116,106,94,deep,gray,8,14,1,0
225,221,219,pale,warm,36,73,1,0
210,212,195,light,neutral,20,64,1,0
58,95,125,deep,shaded,31,11,1,0
147,159,169,saturated,gray,32,34,1,0
229,211,185,soft,subdued,13,65,1,0
73,69,75,dark,warm,36,6,1,0
161,189,191,midtone,shaded,28,48,1,0
145,159,161,midtone,cool,27,34,1,0
143,188,196,midtone,muted,28,46,1,0
35,78,134,dark,muted,31,8,1,0
224,228,226,pale,cool,27,77,1,0
224,229,226,pale,cool,26,78,1,0
236,226,212,light,shaded,11,76,1,0
176,190,197,soft,gray,31,51,1,0
165,178,183,soft,gray,29,44,1,0
83,119,143,saturated,shaded,30,18,1,0
232,230,217,pale,subdued,18,79,1,0
96,74,63,dark,neutral,8,7,1,0
239,232,220,pale,shaded,11,80,1,0
2,100,174,dark,pure,31,14,1,0
144,63,69,dark,muted,3,9,1,0
212,221,221,soft,neutral,29,71,1,0
128,115,106,deep,gray,5,18,1,0
63,89,72,dark,subdued,24,8,1,0
137,146,138,saturated,gray,21,28,1,0
100,108,100,deep,gray,21,14,1,0
139,130,131,saturated,warm,35,23,1,0
241,237,224,pale,bright,13,85,1,0
189,169,152,midtone,shaded,9,41,1,0
85,71,71,dark,warm,1,6,1,0
118,104,89,deep,gray,7,14,1,0
197,58,75,dark,pure,3,15,1,0
206,193,165,soft,neutral,16,54,1,0
96,80,75,dark,gray,2,9,1,0
92,80,66,dark,gray,8,8,1,0
181,200,201,midtone,neutral,28,55,1,0
113,66,74,dark,subdued,2,7,1,0
143,119,93,deep,neutral,12,19,1,0
150,123,93,deep,shaded,11,21,1,0
82,103,113,deep,shaded,29,13,1,0
45,83,103,dark,neutral,30,8,1,0
216,222,227,soft,gray,32,72,1,0
253,234,131,saturated,pure,16,78,1,0
216,111,60,dark,pure,8,26,1,0
94,83,73,dark,gray,7,9,1,0
146,152,125,saturated,neutral,21,29,1,0
244,240,222,pale,pure,13,85,1,0
122,153,156,saturated,shaded,28,29,1,0
199,211,224,light,subdued,32,65,1,0
140,195,195,midtone,muted,27,51,1,0
99,85,75,dark,neutral,9,9,1,0
67,75,79,dark,cool,26,7,1,0
174,173,150,midtone,gray,16,40,1,0
45,89,117,deep,shaded,30,10,1,0
242,238,222,pale,muted,14,84,1,0
186,203,196,midtone,neutral,26,57,1,0
102,73,66,dark,neutral,6,8,1,0
132,117,103,deep,gray,6,18,1,0
153,128,105,saturated,neutral,10,23,1,0
101,110,114,deep,gray,30,15,1,0
110,121,123,deep,cool,27,19,1,0
112,203,206,saturated,pure,27,52,1,0
255,223,56,deep,pure,16,70,1,0
96,123,142,deep,neutral,31,17,1,0
98,113,136,deep,neutral,32,17,1,0
177,183,161,soft,gray,20,46,1,0
108,91,77,dark,neutral,10,11,1,0
127,157,175,midtone,subdued,29,33,1,0
91,102,118,deep,neutral,33,13,1,0
215,224,226,soft,shaded,29,73,1,0
244,240,218,pale,pure,14,85,1,0
190,207,205,soft,shaded,27,63,1,0
74,104,113,deep,subdued,28,13,1,0
43,77,104,dark,subdued,30,7,1,0
219,200,182,soft,shaded,10,59,1,0
161,161,143,midtone,gray,17,34,1,0
72,75,90,dark,cool,34,6,1,0
44,77,105,dark,shaded,30,6,1,0
150,175,183,midtone,subdued,28,41,1,0
230,224,204,light,neutral,15,73,1,0
99,73,62,dark,neutral,7,7,1,0
89,185,204,saturated,pure,28,43,1,0
156,163,137,midtone,gray,20,34,1,0
174,215,234,soft,pure,29,65,1,0
221,213,206,pale,gray,3,68,1,0
242,235,214,light,muted,14,82,1,0
194,211,214,soft,subdued,28,63,1,0
255,214,55,dark,pure,16,65,1,0
149,125,111,saturated,shaded,9,22,1,0
78,79,72,dark,cool,23,7,1,0
212,203,196,light,gray,3,61,1,0
109,71,65,dark,neutral,5,7,1,0
175,167,141,midtone,gray,15,34,1,0
91,110,116,deep,gray,28,15,1,0
108,128,150,saturated,shaded,32,21,1,0
160,174,184,midtone,gray,31,42,1,0
162,183,181,midtone,shaded,27,45,1,0
172,175,149,midtone,neutral,20,41,1,0
145,73,62,dark,subdued,6,10,1,0
143,160,167,midtone,gray,29,35,1,0
162,186,203,soft,shaded,30,47,1,0
87,107,107,deep,neutral,27,14,1,0
178,170,170,midtone,warm,35,41,1,0
239,227,210,light,subdued,13,77,1,0
26,88,151,dark,bright,31,10,1,0
127,114,107,deep,gray,3,17,1,0
238,237,234,pale,neutral,36,85,1,0
218,203,191,soft,shaded,9,61,1,0
240,237,219,pale,bright,17,83,1,0
195,199,178,light,gray,20,55,1,0
106,131,137,saturated,gray,28,22,1,0
234,227,216,light,neutral,8,76,1,0
234,227,219,pale,neutral,9,77,1,0
68,80,86,dark,cool,30,7,1,0
224,221,221,soft,gray,1,73,1,0
217,195,161,soft,shaded,14,56,1,0
163,187,205,soft,subdued,30,48,1,0
102,120,126,saturated,gray,29,18,1,0
142,167,185,saturated,neutral,31,38,1,0
168,187,186,midtone,neutral,27,47,1,0
72,168,208,saturated,pure,29,36,1,0
187,198,164,midtone,subdued,22,52,1,0
145,133,124,saturated,gray,5,24,1,0
65,191,181,saturated,pure,26,42,1,0
220,202,168,soft,shaded,13,59,1,0
216,203,173,soft,shaded,16,59,1,0
46,81,105,dark,neutral,31,8,1,0
68,80,85,dark,cool,28,8,1,0
128,147,145,saturated,neutral,27,27,1,0
189,187,173,light,gray,18,49,1,0
0,114,181,dark,pure,30,17,1,0
120,109,94,deep,gray,14,16,1,0
85,167,182,saturated,bright,28,34,1,0
225,225,226,light,neutral,34,75,1,0
195,231,232,soft,pure,27,75,1,0
209,222,228,light,subdued,29,72,1,0
155,199,234,soft,pure,31,55,1,0
118,96,78,dark,neutral,11,13,1,0
244,231,206,pale,subdued,14,80,1,0
168,192,206,soft,subdued,29,51,1,0
171,227,222,soft,pure,26,70,1,0
93,123,137,deep,neutral,30,19,1,0
163,209,235,soft,pure,30,61,1,0
137,160,166,midtone,gray,28,34,1,0
130,144,166,saturated,neutral,32,28,1,0
188,219,219,soft,muted,27,70,1,0
97,85,68,dark,gray,14,9,1,0
196,174,150,soft,neutral,10,44,1,0
125,104,91,deep,neutral,9,15,1,0
114,156,194,midtone,muted,31,33,1,0
180,73,64,dark,pure,5,13,1,0
171,190,208,soft,shaded,31,51,1,0
155,66,63,dark,subdued,5,10,1,0
245,237,178,soft,pure,16,81,1,0
218,216,201,light,gray,16,68,1,0
223,230,234,light,gray,32,78,1,0
206,224,227,light,muted,28,73,1,0
197,217,227,light,muted,30,67,1,0
161,190,217,soft,muted,31,50,1,0
234,230,215,pale,shaded,18,79,1,0
234,218,198,pale,subdued,11,72,1,0
71,76,80,dark,cool,29,7,1,0
249,236,182,soft,pure,15,81,1,0
185,171,143,midtone,neutral,17,40,1,0
129,62,69,dark,subdued,3,7,1,0
40,99,173,dark,pure,32,14,1,0
255,217,120,saturated,pure,14,70,1,0
51,152,206,saturated,pure,30,30,1,0
87,94,95,dark,cool,27,11,1,0
227,222,198,light,subdued,18,71,1,0
29,92,131,deep,subdued,30,11,1,0
109,118,91,deep,neutral,21,16,1,0
201,211,211,light,gray,29,64,1,0
54,93,115,deep,subdued,29,11,1,0
240,229,199,light,subdued,15,76,1,0
110,86,74,deep,shaded,9,10,1,0
255,198,50,dark,pure,14,60,1,0
78,154,168,saturated,muted,28,28,1,0
177,179,190,midtone,neutral,34,45,1,0
27,125,141,deep,muted,28,18,1,0
166,168,151,soft,gray,19,38,1,0
209,176,136,saturated,subdued,12,45,1,0
194,163,119,saturated,subdued,13,38,1,0
65,169,79,dark,pure,23,28,1,0
120,167,195,midtone,subdued,31,36,1,0
174,171,154,soft,gray,18,40,1,0
236,196,129,midtone,bright,14,56,1,0
227,211,181,light,shaded,14,65,1,0
240,221,184,soft,muted,15,72,1,0
139,121,95,deep,neutral,13,19,1,0
195,172,152,midtone,shaded,10,43,1,0
244,238,186,soft,pure,17,82,1,0
158,175,194,midtone,shaded,32,42,1,0
185,189,151,midtone,subdued,21,47,1,0
50,99,149,deep,subdued,32,13,1,0
198,228,235,soft,pure,28,74,1,0
59,72,79,dark,cool,29,6,1,0
207,210,199,light,neutral,23,63,1,0
129,107,86,deep,neutral,10,16,1,0
145,164,157,saturated,neutral,26,34,1,0
143,140,121,saturated,gray,16,26,1,0
55,72,116,dark,muted,32,6,1,0
71,79,67,dark,gray,21,7,1,0
60,87,78,dark,shaded,25,7,1,0
199,207,190,soft,neutral,21,59,1,0
227,206,184,soft,neutral,11,63,1,0
172,94,58,dark,bright,8,16,1,0
120,155,182,midtone,subdued,30,32,1,0
198,73,76,dark,pure,4,17,1,0
195,198,164,midtone,shaded,20,54,1,0
238,230,219,pale,shaded,9,79,1,0
183,184,165,soft,gray,17,47,1,0
141,168,190,midtone,shaded,31,38,1,0
147,149,129,midtone,gray,19,29,1,0
137,103,87,deep,shaded,8,15,1,0
147,154,137,saturated,neutral,23,30,1,0
159,84,62,dark,muted,6,14,1,0
156,212,225,midtone,pure,28,61,1,0
169,138,107,saturated,neutral,11,27,1,0
255,188,53,dark,pure,13,56,1,0
107,127,129,deep,neutral,28,20,0,0
183,215,222,soft,muted,28,64,0,0
195,217,228,light,subdued,31,67,0,0
179,196,186,midtone,neutral,24,53,0,0
173,151,115,saturated,neutral,14,31,0,0
129,157,170,saturated,neutral,30,32,0,0
41,109,147,deep,subdued,31,15,0,0
246,238,205,light,pure,14,83,0,0
236,228,220,light,neutral,4,78,0,0
134,79,62,dark,shaded,7,10,0,0
252,223,164,midtone,pure,13,74,0,0
241,237,229,pale,shaded,3,84,0,0
129,127,110,saturated,gray,17,21,0,0
99,132,150,saturated,subdued,29,22,0,0
147,95,67,dark,muted,8,14,0,0
122,99,77,dark,neutral,12,13,0,0
245,222,174,soft,bright,15,72,0,0
197,178,139,midtone,shaded,16,44,0,0
211,183,139,midtone,muted,14,48,0,0
222,219,204,pale,gray,15,70,0,0
213,220,220,pale,gray,29,71,0,0
190,196,183,midtone,neutral,23,53,0,0
83,94,99,deep,gray,29,11,0,0
152,129,113,saturated,neutral,9,24,0,0
113,81,69,dark,shaded,6,10,0,0
151,147,129,midtone,gray,18,29,0,0
230,215,204,soft,neutral,4,70,0,0
141,114,90,deep,neutral,11,18,0,0
122,134,135,saturated,cool,27,23,0,0
96,75,66,dark,shaded,9,8,0,0
206,221,231,soft,neutral,31,71,0,0
100,93,94,deep,warm,35,10,0,0
28,87,152,dark,bright,32,10,0,0
207,223,221,pale,gray,28,72,0,0
173,192,214,soft,subdued,32,52,0,0
240,233,209,light,subdued,16,81,0,0
209,211,192,pale,gray,20,64,0,0
248,235,151,saturated,pure,17,78,0,0
236,240,235,pale,neutral,30,86,0,0
140,79,66,dark,subdued,7,10,0,0
235,208,164,light,subdued,14,64,0,0
126,158,194,midtone,subdued,32,34,0,0
180,208,217,soft,muted,29,60,0,0
164,73,61,dark,muted,5,12,0,0
129,139,156,saturated,neutral,33,26,0,0
42,84,92,dark,shaded,28,8,0,0
52,120,140,deep,muted,29,17,0,0
144,147,115,saturated,neutral,20,27,0,0
230,221,198,pale,shaded,14,72,0,0
156,148,110,saturated,neutral,19,29,0,0
112,142,149,saturated,subdued,28,25,0,0
171,181,196,midtone,neutral,33,46,0,0
117,88,61,dark,shaded,11,9,0,0
113,132,125,deep,neutral,26,21,0,0
94,82,65,dark,gray,13,8,0,0
189,173,164,midtone,neutral,8,42,0,0
94,74,71,dark,neutral,4,7,0,0
188,206,219,midtone,neutral,31,60,0,0
245,239,214,light,pure,13,84,0,0
205,204,190,pale,gray,18,59,0,0
191,223,223,soft,bright,27,69,0,0
166,137,102,deep,shaded,12,26,0,0
48,90,74,dark,subdued,25,8,0,0
198,214,215,light,gray,28,65,0,0
0,154,158,dark,pure,27,26,0,0
170,66,58,dark,bright,5,11,0,0
246,235,161,midtone,pure,16,79,0,0
115,123,108,deep,neutral,23,19,0,0
211,229,235,pale,pure,30,78,0,0
202,215,222,light,shaded,30,67,0,0
201,84,58,dark,pure,6,18,0,0
136,181,196,midtone,muted,29,43,0,0
190,209,225,light,muted,31,62,0,0
231,210,173,soft,muted,14,65,0,0
193,206,218,light,shaded,31,61,0,0
224,119,87,deep,pure,7,28,0,0
220,140,89,saturated,bright,10,33,0,0
255,201,67,dark,pure,15,59,0,0
200,188,183,soft,gray,2,51,0,0
208,203,182,light,gray,15,59,0,0
171,179,158,midtone,neutral,22,43,0,0
65,82,65,dark,neutral,25,7,0,0
255,209,92,deep,pure,14,66,0,0
200,202,181,soft,neutral,20,57,0,0
160,146,139,saturated,gray,3,29,0,0
204,184,150,midtone,shaded,13,48,0,0
168,62,76,dark,bright,3,12,0,0
209,88,76,deep,pure,5,21,0,0
170,143,122,saturated,shaded,10,30,0,0
244,239,195,light,pure,16,83,0,0
152,189,60,dark,pure,21,41,0,0
0,144,168,dark,pure,28,24,0,0
248,233,194,soft,pure,13,80,0,0
173,198,211,midtone,neutral,30,55,0,0
196,186,161,soft,neutral,17,49,0,0
175,199,191,soft,shaded,25,53,0,0
217,202,195,light,gray,2,61,0,0
240,234,218,pale,shaded,16,82,0,0
216,182,145,soft,subdued,11,49,0,0
244,200,213,soft,pure,1,65,0,0
225,225,213,pale,neutral,20,75,0,0
235,213,183,soft,muted,12,68,0,0
225,204,166,soft,subdued,15,60,0,0
190,185,162,soft,gray,15,48,0,0
145,91,65,dark,muted,7,13,0,0
35,102,73,dark,muted,24,9,0,0
2,121,68,dark,bright,23,14,0,0
85,102,130,deep,shaded,33,13,0,0
90,128,158,saturated,shaded,31,21,0,0
175,89,65,dark,bright,6,16,0,0
230,228,228,light,gray,1,78,0,0
177,113,90,saturated,subdued,8,21,0,0
212,221,226,soft,neutral,33,71,0,0
174,100,86,deep,subdued,6,19,0,0
94,151,169,saturated,muted,29,28,0,0
190,192,176,light,gray,19,52,0,0
217,220,209,light,gray,21,70,0,0
211,177,145,midtone,subdued,10,47,0,0
38,165,186,deep,pure,28,33,0,0
171,200,216,soft,muted,30,55,0,0
234,216,193,soft,subdued,12,68,0,0
208,204,169,soft,shaded,19,58,0,0
246,154,84,deep,pure,10,41,0,0
188,136,106,saturated,muted,8,28,0,0
163,125,90,deep,subdued,11,23,0,0
128,193,226,midtone,pure,29,50,0,0
171,96,87,deep,subdued,5,17,0,0
130,172,196,midtone,muted,30,39,0,0
239,215,179,soft,muted,13,69,0,0
24,88,135,dark,subdued,31,9,0,0
218,225,227,pale,shaded,31,75,0,0
249,231,191,soft,pure,12,79,0,0
191,195,174,midtone,shaded,22,53,0,0
90,78,136,dark,bright,34,10,0,0
219,184,129,soft,subdued,14,50,0,0
183,169,162,midtone,gray,2,41,0,0
237,231,210,pale,shaded,13,79,0,0
63,186,189,deep,pure,27,40,0,0
242,239,205,light,pure,17,84,0,0
237,236,236,pale,pure,34,84,0,0
239,146,74,dark,pure,10,38,0,0
57,86,72,dark,shaded,24,7,0,0
40,100,146,deep,muted,31,13,0,0
241,230,214,pale,subdued,10,79,0,0
160,192,191,midtone,subdued,27,48,0,0
183,204,199,soft,shaded,26,57,0,0
179,198,185,midtone,neutral,25,53,0,0
143,76,58,dark,subdued,8,10,0,0
43,82,106,dark,subdued,29,8,0,0
251,228,175,midtone,pure,14,77,0,0
208,219,215,pale,shaded,27,70,0,0
226,197,156,midtone,muted,13,57,0,0
239,206,160,midtone,bright,13,63,0,0
246,238,192,light,muted,17,82,0,0
98,112,153,deep,muted,33,17,0,0
249,217,123,saturated,pure,15,68,0,0
77,102,62,dark,subdued,23,11,0,0
240,232,217,pale,muted,12,81,0,0
169,159,151,midtone,gray,3,35,0,0
79,179,179,saturated,bright,27,38,0,0
168,199,77,dark,pure,20,48,0,0
190,184,205,midtone,muted,34,50,0,0
80,89,79,dark,shaded,23,9,0,0
154,167,124,saturated,subdued,22,34,0,0
212,237,230,light,pure,26,80,0,0
87,161,160,saturated,muted,27,32,0,0
241,238,235,pale,subdued,2,86,0,0
164,195,215,soft,subdued,31,53,0,0
250,172,114,saturated,pure,10,49,0,0
216,166,134,midtone,muted,9,42,0,0
198,187,156,midtone,shaded,18,49,0,0
241,217,165,light,muted,16,69,0,0
230,208,182,light,subdued,10,65,0,0
249,164,142,saturated,pure,6,47,0,0
203,227,238,light,pure,30,74,0,0
192,178,177,midtone,gray,1,46,0,0
132,132,111,saturated,gray,19,22,0,0
241,233,207,light,muted,15,80,0,0
241,241,230,pale,bright,18,87,0,0
188,83,57,dark,pure,7,15,0,0
181,228,228,midtone,pure,27,71,0,0
96,64,70,dark,shaded,2,9,0,0
0,149,94,dark,pure,24,22,0,0
194,215,233,light,bright,31,67,0,0
235,227,216,pale,shaded,10,78,0,0
216,185,140,midtone,muted,12,50,0,0
182,195,209,soft,shaded,32,54,0,0
151,190,226,soft,bright,31,50,0,0
229,195,130,soft,muted,16,56,0,0
234,224,212,light,shaded,9,74,0,0
98,165,223,midtone,pure,31,37,0,0
224,206,183,midtone,subdued,12,62,0,0
157,160,115,saturated,subdued,21,32,0,0
186,192,138,midtone,subdued,20,49,0,0
231,213,173,soft,subdued,16,66,0,0
229,133,165,saturated,pure,1,36,0,0
45,83,96,dark,subdued,28,8,0,0
243,226,198,soft,bright,13,76,0,0
4,98,122,dark,muted,29,11,0,0
150,131,121,saturated,neutral,8,24,0,0
180,192,175,midtone,shaded,23,50,0,0
172,152,119,saturated,neutral,16,32,0,0
212,205,181,soft,shaded,18,61,0,0
208,198,161,soft,subdued,18,54,0,0
232,224,216,light,shaded,10,75,0,0
240,240,224,pale,pure,17,86,0,0
74,91,81,dark,neutral,26,8,0,0
137,186,178,midtone,subdued,26,44,0,0
208,187,176,midtone,neutral,7,51,0,0
79,132,175,saturated,muted,31,22,0,0
239,222,117,midtone,bright,18,69,0,0
208,171,112,saturated,muted,15,42,0,0
121,190,88,dark,pure,22,40,0,0
209,206,180,light,neutral,19,60,0,0
106,180,224,midtone,pure,30,44,0,0
142,155,136,saturated,shaded,23,31,0,0
252,231,154,midtone,pure,15,77,0,0
0,105,124,dark,muted,28,12,0,0
246,215,110,saturated,bright,17,66,0,0
207,210,181,soft,subdued,21,62,0,0
126,141,96,deep,subdued,22,23,0,0
242,231,231,pale,muted,2,82,0,0
232,236,238,pale,neutral,32,83,0,0
235,218,200,light,neutral,10,70,0,0
77,134,129,deep,muted,26,20,0,0
205,212,198,soft,shaded,23,65,0,0
153,164,86,deep,muted,20,33,0,0
171,202,234,soft,pure,32,59,0,0
132,129,111,saturated,gray,18,22,0,0
230,200,169,light,subdued,11,60,0,0
90,72,75,dark,neutral,2,8,0,0
222,223,226,soft,neutral,34,74,0,0
159,201,228,soft,bright,30,56,0,0
137,154,139,saturated,neutral,25,30,0,0
36,126,129,deep,muted,27,18,0,0
243,233,207,light,bright,14,80,0,0
210,235,234,light,pure,27,79,0,0
61,142,208,saturated,pure,31,27,0,0
109,111,79,deep,neutral,20,15,0,0
139,141,152,saturated,neutral,34,27,0,0
0,104,109,dark,muted,27,11,0,0
215,173,98,saturated,muted,16,44,0,0
142,144,116,saturated,gray,20,27,0,0
80,123,154,saturated,subdued,30,19,0,0
148,200,210,midtone,bright,28,55,0,0
174,197,113,saturated,bright,21,48,0,0
208,215,223,light,shaded,33,68,0,0
253,215,146,saturated,pure,13,69,0,0
199,209,219,light,shaded,32,63,0,0
174,187,208,midtone,neutral,32,49,0,0
30,142,161,deep,bright,28,24,0,0
128,215,207,midtone,pure,26,59,0,0
86,116,95,deep,subdued,24,15,0,0
86,115,111,deep,shaded,27,15,0,0
74,67,84,dark,neutral,36,6,0,0
244,229,197,light,bright,15,77,0,0
0,97,157,dark,bright,30,12,0,0
218,228,238,light,neutral,32,77,0,0
191,91,60,dark,bright,7,18,0,0
229,231,213,pale,gray,17,78,0,0
148,177,169,midtone,shaded,26,40,0,0
155,194,189,midtone,muted,26,49,0,0
197,193,163,soft,neutral,19,51,0,0
217,228,229,pale,muted,29,76,0,0
246,224,169,soft,bright,16,73,0,0
237,184,86,saturated,bright,15,50,0,0
191,199,212,soft,shaded,33,57,0,0
178,125,80,deep,muted,10,24,0,0
203,222,226,light,muted,29,71,0,0
247,183,78,dark,pure,12,52,0,0
82,139,171,saturated,subdued,31,24,0,0
145,175,136,saturated,subdued,23,37,0,0
123,140,168,saturated,shaded,33,26,0,0
186,148,123,saturated,subdued,9,33,0,0
202,213,200,light,shaded,23,64,0,0
230,135,80,dark,pure,9,34,0,0
207,228,238,light,pure,29,76,0,0
152,221,197,soft,pure,25,62,0,0
186,203,124,midtone,muted,20,53,0,0
109,64,82,dark,subdued,1,8,0,0
0,94,136,dark,muted,30,10,0,0
225,178,112,saturated,bright,13,46,0,0
213,225,224,soft,neutral,28,73,0,0
235,229,210,pale,neutral,15,77,0,0
204,184,179,midtone,neutral,4,50,0,0
105,72,120,dark,muted,35,9,0,0
156,159,117,saturated,shaded,20,33,0,0
218,109,145,deep,pure,1,28,0,0
116,86,61,dark,shaded,10,10,0,0
251,220,168,midtone,pure,12,73,0,0
157,183,165,midtone,subdued,24,43,0,0
109,154,155,saturated,subdued,27,29,0,0
238,222,199,light,muted,12,74,0,0
218,220,211,pale,neutral,23,71,0,0
52,118,153,deep,muted,30,17,0,0
239,229,217,light,subdued,12,78,0,0
187,219,208,light,muted,25,65,0,0
247,234,185,soft,bright,17,79,0,0
195,124,89,deep,bright,8,26,0,0
201,163,117,saturated,muted,12,38,0,0
221,228,232,pale,shaded,32,76,0,0
200,221,238,light,pure,31,71,0,0
221,226,215,pale,gray,21,75,0,0
198,115,99,deep,muted,5,25,0,0
116,111,92,deep,gray,17,16,0,0
200,215,210,light,shaded,26,65,0,0
211,208,221,soft,muted,34,64,0,0
192,156,106,saturated,muted,14,35,0,0
232,231,215,pale,shaded,19,78,0,0
201,164,128,midtone,subdued,11,40,0,0
140,110,84,deep,shaded,10,17,0,0
202,218,218,soft,shaded,28,68,0,0
237,155,68,dark,pure,11,39,0,0
142,207,208,midtone,bright,27,55,0,0
243,223,227,pale,pure,1,77,0,0
125,174,225,midtone,pure,32,42,0,0
217,227,229,pale,subdued,29,75,0,0
196,211,220,light,subdued,30,64,0,0
75,115,120,deep,shaded,28,15,0,0
240,238,235,pale,subdued,1,86,0,0
178,164,132,midtone,neutral,18,37,0,0
196,215,207,light,shaded,25,64,0,0
128,91,72,dark,subdued,9,12,0,0
124,151,147,saturated,shaded,27,28,0,0
59,82,87,dark,neutral,28,7,0,0
140,174,163,midtone,shaded,25,38,0,0
163,188,219,soft,bright,32,50,0,0
0,125,172,dark,pure,29,19,0,0
187,198,217,soft,muted,32,56,0,0
195,220,213,light,subdued,26,68,0,0
173,200,192,midtone,shaded,24,53,0,0
222,238,237,pale,pure,27,83,0,0
221,221,204,soft,shaded,22,71,0,0
216,228,232,pale,subdued,31,78,0,0
158,102,84,deep,subdued,8,17,0,0
197,202,190,soft,neutral,23,58,0,0
223,172,89,saturated,bright,14,43,0,0
223,192,166,midtone,muted,10,55,0,0
198,190,221,midtone,bright,34,55,0,0
237,225,168,soft,muted,17,71,0,0
203,204,181,midtone,shaded,21,58,0,0
212,224,146,soft,muted,20,68,0,0
226,195,146,midtone,muted,15,56,0,0
213,227,222,soft,neutral,26,73,0,0
245,238,198,light,subdued,17,82,0,0
238,134,125,saturated,pure,5,36,0,0
219,220,196,soft,shaded,20,70,0,0
171,134,89,deep,subdued,12,25,0,0
203,217,215,light,shaded,27,70,0,0
165,143,133,saturated,neutral,7,29,0,0
115,102,101,deep,gray,1,14,0,0
228,234,237,pale,neutral,33,82,0,0
236,241,236,pale,shaded,24,87,0,0
174,208,201,soft,subdued,26,58,0,0
147,123,86,deep,neutral,14,20,0,0
222,232,227,light,neutral,26,79,0,0
246,212,141,midtone,bright,16,66,0,0
0,122,145,dark,bright,28,17,0,0
173,208,224,soft,bright,29,60,0,0
215,224,231,pale,subdued,32,74,0,0
188,181,138,midtone,shaded,19,44,0,0
225,198,168,soft,subdued,10,59,0,0
208,193,195,midtone,neutral,2,55,0,0
194,106,53,dark,bright,10,19,0,0
195,167,154,midtone,shaded,8,41,0,0
217,230,238,pale,pure,31,79,0,0
81,143,209,saturated,pure,32,28,0,0
222,230,231,pale,shaded,30,78,0,0
30,128,199,deep,pure,31,22,0,0
129,135,111,saturated,neutral,22,23,0,0
209,209,187,light,gray,17,62,0,0
114,164,159,saturated,muted,26,32,0,0
242,233,220,pale,neutral,7,81,0,0
164,176,196,midtone,shaded,33,43,0,0
212,188,148,midtone,shaded,14,52,0,0
141,125,119,saturated,gray,2,22,0,0
202,124,116,saturated,muted,4,27,0,0
155,91,85,deep,subdued,4,15,0,0
142,89,89,deep,shaded,4,14,0,0
175,193,149,saturated,muted,22,49,0,0
223,235,238,light,neutral,31,81,0,0
155,142,142,saturated,gray,1,27,0,0
153,110,90,deep,subdued,9,19,0,0
103,72,72,dark,neutral,3,8,0,0
175,169,132,midtone,neutral,19,38,0,0
157,162,134,saturated,shaded,22,35,0,0
224,232,236,pale,pure,32,80,0,0
127,182,164,midtone,muted,25,40,0,0
196,221,226,soft,bright,28,70,0,0
247,162,112,saturated,pure,9,45,0,0
131,152,140,saturated,neutral,24,29,0,0
225,216,187,pale,neutral,18,68,0,0
146,138,152,saturated,neutral,36,26,0,0
185,141,104,saturated,subdued,10,30,0,0
162,128,111,saturated,shaded,8,24,0,0
92,68,80,dark,neutral,1,7,0,0
234,144,115,saturated,pure,7,37,0,0
227,233,232,pale,neutral,29,81,0,0
211,228,230,pale,muted,28,75,0,0
243,228,167,midtone,bright,17,74,0,0
116,114,97,deep,gray,16,16,0,0
247,236,202,soft,pure,14,82,0,0
109,145,133,saturated,shaded,25,25,0,0
183,115,94,deep,muted,6,21,0,0
208,220,232,light,bright,32,70,0,0
101,100,87,dark,gray,16,13,0,0
230,213,206,light,neutral,6,68,0,0
231,219,191,soft,shaded,17,71,0,0
140,142,101,deep,shaded,20,26,0,0
212,174,118,midtone,subdued,14,44,0,0
218,82,101,deep,pure,3,22,0,0
186,209,181,midtone,subdued,23,58,0,0
218,227,231,pale,muted,31,75,0,0
212,226,230,light,neutral,30,75,0,0
180,138,194,saturated,pure,35,33,0,0
150,175,84,deep,bright,21,36,0,0
204,204,186,pale,gray,19,60,0,0
216,230,203,soft,muted,22,74,0,0
245,233,202,pale,muted,16,81,0,0
173,162,206,saturated,pure,34,41,0,0
168,113,90,deep,muted,7,20,0,0
149,61,85,dark,muted,2,10,0,0
79,105,151,deep,muted,32,15,0,0
171,68,107,dark,bright,1,14,0,0
162,199,163,midtone,muted,23,50,0,0
244,235,208,pale,bright,16,82,0,0
105,95,79,dark,neutral,16,11,0,0
138,93,85,deep,neutral,5,14,0,0
224,233,228,pale,neutral,26,79,0,0
101,104,116,deep,neutral,34,13,0,0
207,226,224,light,muted,27,77,0,0
241,240,214,pale,pure,16,85,0,0
225,230,235,light,neutral,33,78,0,0
246,219,93,deep,pure,17,68,0,0
227,209,200,soft,neutral,7,66,0,0
186,143,104,saturated,subdued,11,30,0,0
210,173,135,saturated,muted,11,44,0,0
228,236,233,pale,neutral,28,83,0,0
236,223,216,pale,gray,2,75,0,0
61,108,84,deep,subdued,25,12,0,0
137,140,163,saturated,shaded,34,27,0,0
225,168,75,deep,bright,15,41,0,0
83,74,119,dark,muted,34,8,0,0
211,229,219,pale,subdued,25,75,0,0
101,142,100,deep,muted,23,22,0,0
208,200,230,midtone,pure,34,62,0,0
190,179,148,soft,neutral,18,45,0,0
205,211,163,soft,subdued,20,61,0,0
251,193,123,saturated,pure,11,58,0,0
239,167,191,midtone,pure,1,50,0,0
211,224,236,light,pure,32,75,0,0
121,102,96,deep,gray,2,14,0,0
147,102,71,dark,subdued,10,16,0,0
130,159,150,saturated,shaded,24,31,0,0
216,129,103,deep,bright,7,30,0,0
212,237,227,pale,pure,25,80,0,0
238,230,219,pale,subdued,12,79,0,0
198,222,207,light,muted,24,68,0,0
208,219,196,soft,subdued,22,67,0,0
219,206,172,soft,neutral,15,62,0,0
143,135,107,saturated,gray,15,24,0,0
224,219,199,light,shaded,18,70,0,0
156,103,87,deep,shaded,7,17,0,0
245,237,174,midtone,pure,17,81,0,0
221,226,230,pale,muted,32,76,0,0
155,143,166,saturated,subdued,35,30,0,0
167,224,194,soft,pure,24,65,0,0
153,170,200,midtone,muted,32,40,0,0
207,141,108,saturated,bright,8,32,0,0
218,203,169,soft,shaded,15,60,0,0
93,132,177,saturated,subdued,32,23,0,0
53,111,173,deep,bright,32,17,0,0
161,205,191,soft,muted,25,55,0,0
231,206,181,midtone,muted,11,63,0,0
226,107,129,saturated,pure,2,28,0,0
151,101,60,dark,muted,10,15,0,0
240,225,207,pale,neutral,10,75,0,0
242,198,167,soft,bright,10,61,0,0
179,155,148,saturated,neutral,6,34,0,0
102,169,211,midtone,bright,30,38,0,0
118,131,113,deep,shaded,23,21,0,0
122,151,59,dark,bright,21,25,0,0
221,228,227,light,neutral,29,77,0,0
200,219,206,light,subdued,24,66,0,0
106,125,78,dark,muted,22,18,0,0
95,69,97,dark,shaded,36,7,0,0
0,121,88,dark,bright,24,14,0,0
212,201,166,light,neutral,18,58,0,0
214,203,218,soft,muted,35,62,0,0
114,144,103,deep,subdued,23,24,0,0
199,219,217,soft,subdued,27,68,0,0
88,140,58,dark,bright,22,19,0,0
28,138,201,deep,pure,30,25,0,0
164,165,130,saturated,shaded,21,36,0,0
212,218,226,light,muted,32,70,0,0
106,123,107,deep,neutral,25,18,0,0
214,229,226,soft,neutral,27,76,0,0
230,217,67,deep,pure,18,63,0,0
159,144,110,saturated,neutral,17,27,0,0
78,66,96,dark,subdued,35,7,0,0
84,100,92,dark,neutral,24,12,0,0
159,105,73,deep,muted,8,17,0,0
176,138,97,deep,muted,11,27,0,0
207,135,94,saturated,bright,9,30,0,0
242,163,125,saturated,pure,8,45,0,0
181,222,218,soft,bright,26,67,0,0
244,232,209,light,bright,13,80,0,0
16,96,90,dark,muted,26,9,0,0
95,108,60,dark,subdued,22,12,0,0
200,223,195,soft,muted,23,68,0,0
190,206,97,saturated,bright,20,53,0,0
145,166,115,deep,muted,22,34,0,0
214,196,193,soft,neutral,2,58,0,0
191,214,200,light,subdued,25,63,0,0
190,137,115,saturated,muted,7,30,0,0
54,89,85,dark,shaded,27,8,0,0
227,190,176,midtone,subdued,7,54,0,0
196,158,105,saturated,subdued,14,36,0,0
188,215,212,soft,muted,26,64,0,0
176,165,130,saturated,shaded,18,36,0,0
175,138,91,deep,muted,14,27,0,0
131,89,149,dark,pure,35,15,0,0
191,229,177,saturated,pure,22,68,0,0
208,231,152,saturated,pure,20,71,0,0
246,216,190,soft,pure,10,71,0,0
205,200,210,soft,subdued,35,59,0,0
251,208,92,deep,pure,15,63,0,0
206,118,57,deep,bright,10,25,0,0
126,182,208,midtone,bright,29,44,0,0
249,201,130,saturated,pure,12,62,0,0
215,223,214,soft,neutral,24,72,0,0
189,208,195,soft,subdued,24,59,0,0
129,111,107,deep,neutral,4,16,0,0
46,90,80,dark,shaded,26,8,0,0
150,120,89,dark,shaded,12,20,0,0
185,220,195,soft,bright,23,65,0,0
246,230,203,light,muted,13,78,0,0
134,187,157,midtone,muted,24,42,0,0
221,151,137,saturated,muted,5,39,0,0
87,96,73,dark,neutral,21,10,0,0
240,228,178,soft,subdued,17,75,0,0
238,201,170,midtone,bright,12,62,0,0
17,99,86,dark,subdued,26,9,0,0
241,211,217,light,bright,2,69,0,0
195,158,68,dark,muted,17,34,0,0
211,233,236,light,pure,28,79,0,0
0,106,80,dark,muted,25,10,0,0
187,172,125,midtone,subdued,18,40,0,0
112,109,94,deep,gray,18,15,0,0
150,101,68,dark,muted,9,16,0,0
205,220,227,soft,neutral,30,71,0,0
240,144,86,deep,pure,9,37,0,0
200,155,117,saturated,muted,10,36,0,0
68,83,151,dark,bright,33,11,0,0
199,136,127,saturated,subdued,5,31,0,0
84,136,192,saturated,bright,32,25,0,0
219,228,229,pale,subdued,28,76,0,0
122,150,130,saturated,subdued,24,27,0,0
242,237,215,pale,subdued,15,84,0,0
218,222,230,soft,neutral,35,73,0,0
193,168,124,saturated,subdued,15,39,0,0
0,106,147,dark,bright,29,14,0,0
29,120,171,deep,bright,30,18,0,0
159,114,80,deep,subdued,10,19,0,0
106,100,114,deep,neutral,36,17,0,0
246,229,185,light,bright,16,77,0,0
180,183,128,saturated,muted,21,44,0,0
21,94,96,dark,subdued,27,8,0,0
225,229,215,pale,neutral,21,76,0,0
207,177,216,midtone,pure,35,51,0,0
236,120,120,saturated,pure,4,32,0,0
102,101,86,deep,gray,19,13,0,0
213,191,180,soft,shaded,8,53,0,0
243,239,205,light,pure,15,84,0,0
240,234,210,light,bright,17,81,0,0
83,115,76,dark,muted,23,15,0,0
213,148,102,saturated,bright,11,35,0,0
223,226,229,pale,shaded,33,75,0,0
217,234,229,pale,bright,25,79,0,0
223,202,228,soft,pure,35,64,0,0
126,163,210,midtone,bright,32,37,0,0
220,221,184,soft,muted,21,69,0,0
71,136,101,deep,muted,24,19,0,0
158,162,107,deep,muted,21,34,0,0
28,112,173,deep,bright,31,16,0,0
177,99,94,deep,muted,4,17,0,0
109,134,182,saturated,muted,32,25,0,0
218,222,181,light,subdued,20,69,0,0
239,234,231,pale,shaded,2,83,0,0
214,199,214,soft,shaded,36,60,0,0
240,231,169,soft,bright,18,76,0,0
239,231,223,pale,shaded,6,80,0,0
182,106,60,dark,bright,9,19,0,0
86,146,178,saturated,muted,30,27,0,0
0,120,127,dark,bright,27,15,0,0
210,187,178,midtone,neutral,6,52,0,0
227,237,237,pale,pure,29,83,0,0
160,166,103,saturated,subdued,20,35,0,0
165,216,205,soft,bright,25,62,0,0
154,162,43,dark,bright,20,30,0,0
204,129,73,deep,bright,11,28,0,0
223,116,91,deep,pure,6,28,0,0
121,80,136,dark,bright,35,12,0,0
222,236,237,pale,pure,28,82,0,0
225,234,236,pale,neutral,31,81,0,0
211,231,229,light,bright,27,76,0,0
94,91,77,dark,gray,18,10,0,0
94,202,174,midtone,pure,25,48,0,0
242,235,211,pale,muted,15,82,0,0
220,236,231,soft,shaded,24,81,0,0
101,65,97,dark,subdued,36,7,0,0
194,177,200,midtone,muted,35,47,0,0
198,212,172,midtone,muted,22,61,0,0
216,173,57,dark,bright,17,41,0,0
232,239,236,pale,shaded,29,85,0,0
221,166,159,midtone,muted,4,45,0,0
239,230,225,pale,neutral,2,80,0,0
224,234,215,light,muted,22,79,0,0
219,229,185,soft,bright,21,73,0,0
208,189,148,midtone,neutral,15,51,0,0
236,201,202,light,muted,3,64,0,0
217,177,159,midtone,muted,7,47,0,0
211,224,222,light,subdued,27,72,0,0
194,97,87,deep,bright,5,20,0,0
162,194,176,soft,subdued,25,49,0,0
164,148,145,saturated,neutral,4,31,0,0
138,114,101,deep,neutral,7,18,0,0
198,87,124,dark,pure,1,20,0,0
189,225,216,light,bright,25,69,0,0
92,86,68,dark,gray,17,9,0,0
245,179,188,soft,pure,2,55,0,0
60,122,194,deep,pure,32,20,0,0
121,126,101,deep,shaded,22,20,0,0
121,116,71,dark,shaded,19,16,0,0
185,179,194,midtone,subdued,35,46,0,0
197,229,226,light,bright,26,73,0,0
216,229,221,pale,shaded,25,75,0,0
173,184,100,saturated,muted,20,43,0,0
134,117,120,deep,neutral,2,19,0,0
171,155,156,saturated,neutral,2,34,0,0
249,208,159,midtone,pure,11,66,0,0
60,133,190,saturated,bright,31,23,0,0
189,232,216,light,pure,25,73,0,0
194,174,195,midtone,shaded,36,46,0,0
244,240,210,pale,subdued,17,85,0,0
118,103,158,dark,pure,34,17,0,0
165,152,199,saturated,bright,34,36,0,0
222,219,229,light,muted,34,72,0,0
231,202,195,soft,subdued,5,62,0,0
171,111,96,deep,subdued,7,21,0,0
221,192,115,saturated,muted,17,52,0,0
230,165,127,midtone,bright,9,43,0,0
201,147,135,saturated,subdued,6,35,0,0
223,235,233,light,neutral,28,81,0,0
225,235,229,pale,shaded,26,81,0,0
227,208,191,soft,muted,10,64,0,0
234,206,212,light,muted,2,67,0,0
243,219,217,light,shaded,4,74,0,0
243,237,217,pale,bright,15,84,0,0
109,114,68,dark,subdued,21,15,0,0
70,167,149,saturated,bright,25,31,0,0
131,69,93,dark,muted,1,10,0,0
245,231,210,pale,muted,13,80,0,0
118,116,93,deep,gray,20,17,0,0
170,208,186,soft,muted,24,57,0,0
117,151,143,saturated,shaded,26,28,0,0
209,211,224,soft,subdued,34,65,0,0
212,207,214,soft,neutral,36,65,0,0
188,111,55,dark,bright,11,21,0,0
196,141,105,saturated,muted,9,31,0,0
192,152,86,deep,muted,16,33,0,0
93,88,62,dark,neutral,19,9,0,0
178,137,89,deep,subdued,14,27,0,0
232,138,91,deep,pure,8,35,0,0
239,225,228,pale,bright,1,78,0,0
144,82,132,dark,bright,36,14,0,0
215,135,117,saturated,bright,6,32,0,0
229,241,238,pale,bright,27,84,0,0
118,165,91,deep,bright,22,30,0,0
115,163,208,midtone,bright,31,36,0,0
202,75,101,dark,pure,2,18,0,0
220,199,192,soft,neutral,6,60,0,0
142,116,108,deep,neutral,6,19,0,0
236,188,178,midtone,muted,5,56,0,0
234,170,162,midtone,bright,5,48,0,0
228,156,134,saturated,bright,7,40,0,0
242,221,216,pale,muted,3,75,0,0
185,179,191,midtone,neutral,36,46,0,0
127,71,116,dark,muted,36,10,0,0
243,240,214,pale,pure,15,85,0,0
239,204,68,dark,pure,17,59,0,0
0,147,139,dark,pure,26,22,0,0
244,222,191,soft,pure,11,74,0,0
243,199,117,midtone,bright,15,58,0,0
205,234,205,soft,pure,23,75,0,0
238,216,194,soft,muted,11,69,0,0
238,200,211,soft,bright,1,63,0,0
142,128,98,deep,neutral,18,22,0,0
210,230,211,light,muted,23,74,0,0
61,73,109,dark,subdued,33,7,0,0
195,112,95,deep,bright,6,23,0,0
167,176,204,midtone,muted,33,44,0,0
206,222,226,light,subdued,28,72,0,0
84,79,102,dark,shaded,35,8,0,0
94,178,170,saturated,bright,26,36,0,0
220,229,216,light,subdued,23,75,0,0
193,224,137,saturated,pure,21,64,0,0
62,143,188,saturated,bright,30,26,0,0
211,209,220,soft,shaded,35,65,0,0
236,190,99,saturated,bright,16,53,0,0
205,226,222,light,muted,26,73,0,0
143,205,199,midtone,bright,26,53,0,0
247,177,166,midtone,pure,5,52,0,0
190,187,201,midtone,shaded,35,51,0,0
136,103,147,deep,muted,35,17,0,0
247,197,160,midtone,pure,10,61,0,0
218,219,223,light,subdued,33,71,0,0
165,203,102,deep,pure,21,50,0,0
103,108,88,dark,shaded,22,14,0,0
43,123,102,deep,muted,25,16,0,0
139,140,107,deep,shaded,21,25,0,0
204,223,232,light,bright,30,73,0,0
188,146,99,deep,muted,13,31,0,0
241,226,222,pale,subdued,6,79,0,0
231,195,172,soft,muted,9,58,0,0
243,216,224,light,pure,1,74,0,0
217,188,183,soft,subdued,4,53,0,0
219,238,224,pale,pure,24,81,0,0
142,91,104,deep,subdued,2,14,0,0
210,192,152,midtone,shaded,17,53,0,0
193,137,120,saturated,subdued,7,29,0,0
227,235,234,light,shaded,29,81,0,0
225,232,219,pale,subdued,23,79,0,0
221,219,197,pale,neutral,19,69,0,0
29,179,148,saturated,pure,25,35,0,0
236,189,176,midtone,muted,6,55,0,0
136,143,79,deep,subdued,20,25,0,0
141,106,74,dark,subdued,11,16,0,0
226,211,155,soft,muted,18,64,0,0
240,195,167,soft,bright,9,58,0,0
219,187,167,midtone,subdued,9,53,0,0
231,238,232,pale,neutral,27,84,0,0
184,185,203,midtone,neutral,35,50,0,0
216,222,206,light,neutral,21,70,0,0
246,160,157,midtone,pure,4,47,0,0
72,122,123,deep,subdued,27,17,0,0
25,147,190,deep,pure,29,27,0,0
70,83,131,dark,muted,33,9,0,0
227,235,177,light,muted,20,77,0,0
230,240,234,light,shaded,24,84,0,0
177,179,203,midtone,subdued,34,47,0,0
214,223,231,soft,neutral,32,73,0,0
240,222,224,pale,bright,2,76,0,0
210,230,232,light,bright,28,74,0,0
184,153,107,saturated,shaded,14,34,0,0
71,114,102,deep,shaded,25,13,0,0
99,102,83,deep,neutral,22,13,0,0
141,135,82,deep,shaded,19,23,0,0
247,192,112,deep,pure,12,57,0,0
206,221,162,midtone,bright,21,66,0,0
83,151,183,saturated,bright,29,28,0,0
224,180,164,midtone,subdued,8,50,0,0
229,210,149,midtone,subdued,17,63,0,0
223,227,208,light,subdued,21,74,0,0
244,228,229,pale,pure,2,80,0,0
26,149,151,deep,bright,27,25,0,0
166,110,73,deep,muted,9,19,0,0
233,218,210,light,shaded,8,71,0,0
243,234,210,light,pure,12,81,0,0
205,174,165,midtone,neutral,5,45,0,0
163,139,147,saturated,neutral,1,28,0,0
242,173,98,deep,pure,11,47,0,0
228,230,234,light,neutral,35,79,0,0
193,116,68,deep,bright,9,23,0,0
227,223,236,soft,pure,34,75,0,0
208,146,88,deep,bright,12,33,0,0
95,86,63,dark,gray,15,9,0,0
223,230,218,pale,shaded,23,76,0,0
209,210,220,soft,shaded,34,65,0,0
151,112,67,dark,subdued,12,17,0,0
82,87,70,dark,neutral,23,9,0,0
181,119,112,saturated,subdued,4,24,0,0
212,227,226,pale,shaded,28,74,0,0
224,225,209,soft,shaded,21,74,0,0
203,180,137,midtone,subdued,15,46,0,0
147,98,91,deep,shaded,5,15,0,0
168,133,181,saturated,bright,35,29,0,0
234,214,206,light,shaded,7,69,0,0
71,186,135,saturated,pure,24,37,0,0
200,145,52,dark,bright,15,30,0,0
211,160,131,midtone,muted,8,39,0,0
179,149,108,saturated,shaded,13,32,0,0
208,221,204,soft,subdued,23,69,0,0
151,108,96,deep,shaded,6,17,0,0
227,210,206,light,subdued,4,66,0,0
195,88,92,deep,bright,4,19,0,0
220,202,224,soft,bright,35,63,0,0
76,114,107,deep,shaded,26,14,0,0
149,105,163,deep,bright,35,19,0,0
200,204,158,midtone,muted,21,57,0,0
230,230,231,pale,subdued,33,79,0,0
214,163,50,dark,bright,16,38,0,0
127,131,83,deep,subdued,21,20,0,0
201,209,233,soft,pure,33,65,0,0
209,230,213,light,bright,23,74,0,0
219,163,206,saturated,pure,36,47,0,0
207,185,137,saturated,subdued,16,48,0,0
221,231,223,pale,subdued,24,78,0,0
226,172,120,saturated,bright,12,44,0,0
223,230,234,pale,bright,32,78,0,0
201,204,74,dark,pure,19,53,0,0
218,230,227,light,neutral,27,77,0,0
190,213,101,deep,pure,20,57,0,0
142,98,120,deep,shaded,1,16,0,0
214,231,227,pale,muted,26,78,0,0
229,160,144,midtone,bright,6,43,0,0
222,219,196,light,shaded,19,69,0,0
96,62,83,dark,shaded,1,6,0,0
219,128,121,saturated,bright,5,31,0,0
236,218,158,midtone,muted,17,68,0,0
239,205,180,soft,bright,11,64,0,0
236,236,223,pale,shaded,21,83,0,0
223,231,232,pale,subdued,30,80,0,0
96,157,145,saturated,subdued,26,29,0,0
216,231,225,pale,subdued,26,77,0,0
239,219,205,pale,muted,8,73,0,0
225,225,190,soft,subdued,19,72,0,0
229,188,165,soft,muted,8,54,0,0
215,231,224,pale,muted,25,77,0,0
146,107,67,dark,muted,11,15,0,0
236,230,120,saturated,pure,18,72,0,0
218,230,233,pale,bright,29,78,0,0
172,84,94,deep,muted,3,15,0,0
128,170,149,midtone,subdued,25,35,0,0
164,171,191,midtone,subdued,33,42,0,0
226,232,223,light,neutral,25,78,0,0
89,156,137,saturated,muted,25,28,0,0
0,124,117,dark,bright,26,15,0,0
234,217,203,light,muted,10,70,0,0
215,236,205,midtone,pure,22,77,0,0
70,75,106,dark,shaded,34,7,0,0
218,225,207,light,subdued,22,72,0,0
107,194,113,deep,pure,23,41,0,0
152,142,180,saturated,muted,34,30,0,0
234,223,210,pale,subdued,9,74,0,0
185,128,51,dark,bright,13,24,0,0
230,194,111,midtone,muted,16,54,0,0
242,232,219,light,muted,11,80,0,0
247,194,191,soft,pure,4,61,0,0
235,217,208,pale,neutral,5,72,0,0
218,227,233,pale,bright,31,76,0,0
199,204,216,soft,subdued,33,60,0,0
240,209,200,soft,bright,7,68,0,0
209,184,113,saturated,subdued,17,47,0,0
115,105,147,deep,muted,34,16,0,0
219,185,182,soft,shaded,4,52,0,0
246,181,182,soft,pure,3,55,0,0
202,183,192,midtone,neutral,1,50,0,0
228,225,234,light,bright,34,76,0,0
230,236,204,light,bright,21,79,0,0
192,114,129,saturated,muted,2,25,0,0
225,185,194,soft,muted,2,54,0,0
209,144,124,saturated,muted,6,34,0,0
225,207,165,midtone,subdued,16,61,0,0
201,175,208,midtone,bright,35,48,0,0
23,145,127,deep,bright,25,22,0,0
70,73,96,dark,neutral,35,7,0,0
225,200,209,soft,muted,1,62,0,0
104,104,88,dark,gray,20,13,0,0
233,179,180,soft,muted,3,52,0,0
164,137,163,saturated,shaded,36,28,0,0
204,216,122,midtone,bright,20,61,0,0
217,146,148,midtone,muted,3,37,0,0
220,230,229,pale,muted,27,81,0,0
214,225,228,pale,bright,30,75,0,0
87,89,63,dark,neutral,20,9,0,0
232,232,215,pale,subdued,21,80,0,0
227,229,232,pale,muted,33,79,0,0
227,232,217,pale,subdued,22,78,0,0
137,179,134,saturated,muted,23,39,0,0
34,130,168,deep,bright,29,20,0,0
144,144,162,saturated,neutral,35,28,0,0
121,110,84,deep,gray,15,15,0,0
99,125,116,deep,shaded,24,18,0,0
156,136,102,deep,neutral,15,25,0,0
0,139,109,dark,pure,25,19,0,0
199,160,108,saturated,muted,13,37,0,0
235,222,215,pale,neutral,6,74,0,0
242,233,222,pale,pure,10,82,0,0
122,116,77,deep,neutral,19,17,0,0
194,114,119,saturated,muted,3,25,0,0
190,229,190,midtone,pure,23,70,0,0
242,219,214,light,bright,5,74,0,0
126,102,127,deep,shaded,36,15,0,0
203,208,221,soft,muted,33,63,0,0
185,134,117,saturated,shaded,7,28,0,0
173,132,88,deep,muted,12,25,0,0
237,229,188,pale,muted,18,76,0,0
241,233,221,pale,bright,12,81,0,0
227,201,190,soft,muted,7,61,0,0
241,228,220,pale,neutral,3,79,0,0
243,146,160,midtone,pure,2,42,0,0
243,212,191,light,bright,10,69,0,0
198,187,104,midtone,muted,19,47,0,0
238,227,221,pale,muted,4,78,0,0
115,106,134,deep,subdued,35,15,0,0
231,239,207,light,pure,21,82,0,0
140,132,73,dark,subdued,19,22,0,0
167,134,88,deep,subdued,13,25,0,0
244,238,220,pale,pure,12,84,0,0
242,235,230,pale,shaded,4,84,0,0
190,183,85,saturated,bright,19,44,0,0
186,215,174,midtone,bright,22,60,0,0
160,133,92,deep,shaded,13,24,0,0
241,228,215,pale,bright,11,79,0,0
220,230,227,pale,subdued,27,78,0,0
121,208,167,midtone,pure,24,51,0,0
88,104,174,dark,pure,33,16,0,0
199,161,169,midtone,subdued,2,40,0,0
237,219,232,soft,pure,36,75,0,0
244,226,212,light,pure,8,78,0,0
229,215,212,light,neutral,2,70,0,0
242,209,196,soft,muted,6,67,0,0
206,211,193,soft,neutral,22,63,0,0
244,232,225,pale,pure,7,81,0,0
0,164,155,deep,pure,26,30,0,0
194,127,56,dark,bright,12,25,0,0
246,226,216,light,pure,6,77,0,0
104,176,130,saturated,bright,23,35,0,0
211,182,186,midtone,shaded,2,51,0,0
225,95,101,deep,pure,4,24,0,0
77,81,127,dark,subdued,34,9,0,0
135,101,126,deep,subdued,36,16,0,0
82,157,110,deep,bright,23,27,0,0
173,186,227,midtone,pure,33,51,0,0
243,238,205,pale,muted,17,84,0,0
155,152,61,dark,bright,19,28,0,0
224,216,223,light,shaded,36,70,0,0
91,90,77,dark,gray,19,10,0,0
233,210,204,light,shaded,5,67,0,0
214,133,159,saturated,bright,1,34,0,0
187,159,106,deep,subdued,16,35,0,0
181,142,139,saturated,shaded,3,31,0,0
150,191,131,saturated,bright,22,44,0,0
242,225,210,light,pure,10,77,0,0
234,232,236,light,neutral,36,81,0,0
187,79,92,deep,bright,3,17,0,0
245,205,210,light,pure,2,67,0,0
165,100,126,deep,muted,1,19,0,0
169,88,108,deep,muted,2,17,0,0
229,230,215,light,shaded,22,78,0,0
114,132,120,deep,neutral,24,21,0,0
213,226,225,light,shaded,28,73,0,0
162,147,113,saturated,neutral,18,29,0,0
221,237,189,soft,pure,21,77,0,0
117,98,68,dark,neutral,13,13,0,0
156,143,96,saturated,subdued,18,26,0,0
226,199,79,saturated,bright,18,54,0,0
176,136,67,dark,muted,16,26,0,0
237,170,128,midtone,bright,10,47,0,0
228,229,210,light,shaded,20,77,0,0
235,204,185,light,muted,8,63,0,0
247,204,205,light,pure,3,66,0,0
221,238,226,pale,bright,24,81,0,0
210,227,204,soft,bright,22,72,0,0
245,213,194,soft,pure,9,70,0,0
214,179,192,midtone,muted,1,50,0,0
196,234,213,light,pure,24,74,0,0
169,137,141,saturated,shaded,2,28,0,0
227,238,227,pale,muted,23,83,0,0
113,93,61,dark,neutral,14,10,0,0
245,200,187,midtone,pure,6,64,0,0
41,144,109,deep,bright,24,20,0,0
207,219,141,saturated,pure,19,64,0,0
242,219,219,pale,bright,3,74,0,0
206,152,68,deep,bright,14,34,0,0
235,236,167,midtone,pure,18,77,0,0
100,162,129,saturated,muted,24,29,0,0
120,115,139,deep,shaded,35,18,0,0
180,149,164,saturated,shaded,1,34,0,0
172,62,95,dark,bright,2,13,0,0
229,231,232,pale,neutral,35,80,0,0
209,148,161,midtone,muted,2,37,0,0
227,215,229,light,bright,35,71,0,0
232,229,236,light,pure,34,80,0,0
194,139,161,saturated,muted,1,32,0,0
133,150,210,saturated,pure,33,34,0,0
204,151,77,deep,bright,13,34,0,0
146,85,91,deep,subdued,3,13,0,0
169,118,115,saturated,shaded,4,22,0,0
239,228,218,pale,muted,7,78,0,0
241,235,234,pale,muted,1,84,0,0
243,236,220,pale,pure,11,83,0,0
157,90,143,dark,pure,36,17,0,0
215,226,229,pale,muted,30,75,0,0
215,177,178,midtone,shaded,3,49,0,0
155,149,169,saturated,shaded,35,32,0,0
228,216,154,light,muted,19,67,0,0
217,190,188,midtone,neutral,3,55,0,0
255,200,99,deep,pure,13,61,0,0
225,221,142,soft,bright,19,68,0,0
165,142,97,saturated,shaded,16,27,0,0
219,233,223,pale,muted,24,78,0,0
179,153,151,saturated,neutral,3,34,0,0
234,212,196,light,subdued,9,69,0,0
229,207,222,soft,muted,36,66,0,0
99,143,123,saturated,subdued,25,23,0,0
243,210,207,light,bright,4,68,0,0
0,126,107,dark,bright,25,15,0,0
113,113,78,dark,shaded,20,16,0,0
244,222,203,pale,bright,10,75,0,0
234,238,222,pale,muted,22,84,0,0
137,140,74,dark,muted,20,24,0,0
232,236,219,pale,shaded,20,82,0,0
102,92,70,dark,neutral,17,10,0,0
158,214,134,deep,pure,22,55,0,0
196,162,149,midtone,shaded,6,40,0,0
222,228,220,light,neutral,24,76,0,0
241,212,196,soft,pure,8,69,0,0
142,144,180,saturated,subdued,34,30,0,0
223,222,229,pale,shaded,35,74,0,0
199,157,155,midtone,shaded,4,40,0,0
214,184,189,soft,subdued,2,52,0,0
238,218,221,light,subdued,2,74,0,0
229,221,231,light,muted,35,74,0,0
243,227,209,light,bright,12,76,0,0
245,233,213,light,pure,11,81,0,0
193,229,213,light,bright,24,72,0,0
143,113,110,deep,neutral,3,18,0,0
236,191,201,soft,bright,2,59,0,0
216,118,120,saturated,bright,4,29,0,0
230,106,119,saturated,pure,3,28,0,0
241,230,224,pale,subdued,7,80,0,0
187,133,47,dark,bright,14,25,0,0
222,234,224,soft,neutral,25,80,0,0
218,233,220,pale,bright,23,78,0,0
230,232,197,pale,subdued,20,77,0,0
232,183,147,midtone,bright,11,51,0,0
233,233,208,pale,muted,21,79,0,0
240,232,224,pale,shaded,8,81,0,0
0,164,131,deep,pure,25,27,0,0
228,193,77,deep,bright,17,52,0,0
132,108,118,deep,neutral,1,17,0,0
117,105,61,dark,subdued,18,13,0,0
227,239,225,pale,pure,23,83,0,0
239,196,187,soft,bright,6,61,0,0
239,224,215,pale,subdued,3,75,0,0
134,115,84,deep,neutral,16,18,0,0
218,215,173,midtone,subdued,19,65,0,0
243,220,198,soft,bright,12,73,0,0
240,214,221,light,bright,1,71,0,0
173,113,113,saturated,subdued,3,22,0,0
244,228,224,pale,pure,4,79,0,0
186,176,120,saturated,subdued,19,42,0,0
232,217,206,light,neutral,7,71,0,0
171,182,215,midtone,bright,33,48,0,0
184,164,122,midtone,shaded,15,38,0,0
210,200,128,soft,muted,19,56,0,0
225,237,230,pale,pure,26,83,0,0
238,226,213,pale,muted,10,77,0,0
69,134,124,deep,subdued,26,19,0,0
232,221,174,light,muted,18,70,0,0
164,157,112,saturated,shaded,19,32,0,0
134,139,83,dark,muted,21,23,0,0
207,183,201,midtone,subdued,36,51,0,0
146,213,153,saturated,pure,23,55,0,0
233,235,222,pale,shaded,22,81,0,0
234,236,211,pale,subdued,19,81,0,0
236,223,214,light,muted,7,74,0,0
132,116,81,deep,neutral,17,17,0,0
215,177,165,midtone,shaded,7,47,0,0
232,239,236,pale,bright,28,79,0,0
127,102,64,dark,shaded,13,13,0,0
206,174,187,midtone,subdued,1,47,0,0
130,120,173,deep,bright,34,22,0,0
158,143,102,deep,shaded,18,27,0,0
227,228,229,pale,shaded,34,77,0,0
242,228,221,pale,muted,5,81,0,0
231,225,227,pale,shaded,1,77,0,0
136,118,71,deep,subdued,18,18,0,0
240,237,209,light,bright,18,82,0,0
219,215,228,soft,bright,34,69,0,0
234,234,219,light,shaded,21,81,0,0
233,237,192,pale,muted,20,80,0,0
119,195,180,midtone,bright,25,46,0,0
163,135,172,saturated,muted,35,28,0,0
170,136,128,saturated,neutral,5,27,0,0
117,125,67,dark,subdued,20,18,0,0
162,212,189,soft,bright,24,58,0,0
191,145,178,saturated,muted,36,35,0,0
241,179,182,soft,bright,3,54,0,0
239,220,202,light,bright,11,73,0,0
215,221,236,light,pure,33,73,0,0
217,199,55,dark,pure,18,53,0,0
175,187,66,deep,bright,20,42,0,0
232,218,214,pale,subdued,4,72,0,0
244,219,217,pale,pure,3,75,0,0
155,116,72,dark,muted,12,19,0,0
221,230,215,pale,neutral,22,76,0,0
220,223,229,light,muted,33,74,0,0
213,206,105,midtone,bright,19,57,0,0
200,166,161,midtone,shaded,5,41,0,0
228,228,197,light,muted,21,74,0,0
205,160,154,midtone,subdued,4,40,0,0
237,230,179,pale,muted,19,76,0,0
232,240,226,light,pure,22,84,0,0
107,109,78,dark,shaded,21,14,0,0
161,108,148,deep,muted,36,21,0,0
208,225,232,light,bright,29,73,0,0
199,96,123,deep,bright,2,22,0,0
221,177,168,midtone,subdued,5,49,0,0
243,221,205,pale,pure,9,74,0,0
149,106,102,deep,shaded,3,17,0,0
224,222,227,light,shaded,35,73,0,0
241,224,219,pale,subdued,5,76,0,0
116,106,81,dark,neutral,18,14,0,0
152,106,121,deep,subdued,1,18,0,0
195,145,145,midtone,subdued,3,33,0,0
227,179,76,deep,bright,16,46,0,0
221,224,234,light,subdued,34,74,0,0
128,196,169,midtone,bright,24,47,0,0
203,169,86,deep,muted,17,40,0,0
235,209,205,light,muted,4,66,0,0
234,239,206,light,pure,18,82,0,0
237,213,199,light,muted,9,69,0,0
244,217,197,light,bright,9,71,0,0
231,227,231,pale,shaded,36,77,0,0
213,235,172,midtone,pure,21,75,0,0
212,88,113,deep,pure,2,22,0,0
240,181,153,midtone,pure,8,53,0,0
243,200,194,soft,bright,5,63,0,0
43,152,144,deep,bright,26,25,0,0
177,148,102,deep,subdued,15,31,0,0
209,109,118,saturated,bright,3,26,0,0
243,229,220,pale,bright,7,79,0,0
104,107,147,deep,subdued,34,16,0,0
224,227,200,light,subdued,19,74,0,0
216,221,204,light,neutral,22,70,0,0
230,234,224,pale,neutral,25,80,0,0
244,222,211,soft,pure,7,75,0,0
226,201,206,soft,shaded,2,63,0,0
175,154,115,saturated,neutral,15,33,0,0
233,219,224,light,neutral,1,74,0,0
237,199,182,soft,bright,8,61,0,0
230,142,150,midtone,bright,3,38,0,0
245,190,157,midtone,pure,9,57,0,0
49,170,116,deep,pure,24,30,0,0
230,217,226,light,muted,36,72,0,0
237,224,227,light,subdued,1,77,0,0
233,237,189,soft,pure,18,79,0,0
110,111,130,deep,neutral,35,17,0,0
175,178,196,midtone,shaded,34,46,0,0
161,123,77,dark,muted,13,21,0,0
243,224,216,light,bright,7,76,0,0
198,103,135,deep,bright,1,24,0,0
242,193,192,soft,bright,4,60,0,0
239,193,181,midtone,bright,7,59,0,0
222,202,197,soft,neutral,5,61,0,0
226,235,229,pale,bright,26,82,0,0
247,202,193,soft,pure,5,65,0,0
164,117,177,deep,pure,35,25,0,0
227,235,174,light,bright,20,77,0,0
203,209,225,soft,bright,33,64,0,0
175,142,165,saturated,subdued,36,31,0,0
238,218,203,pale,muted,9,72,0,0
243,226,220,light,subdued,3,78,0,0
229,226,231,pale,muted,34,77,0,0
240,220,215,light,neutral,3,74,0,0
181,144,90,deep,muted,15,30,0,0
170,121,130,saturated,subdued,2,24,0,0
151,119,77,dark,muted,14,20,0,0
148,136,190,deep,pure,34,29,0,0
233,225,223,pale,neutral,1,77,0,0
136,106,63,dark,subdued,13,15,0,0
195,124,179,deep,pure,36,30,0,0
215,194,117,midtone,muted,18,54,0,0
228,225,228,pale,subdued,35,76,0,0
239,227,217,pale,shaded,7,78,0,0
243,202,203,light,bright,3,65,0,0
238,240,214,pale,pure,18,84,0,0
131,148,197,saturated,bright,33,31,0,0
239,221,223,light,shaded,2,75,0,0
243,148,155,midtone,pure,3,42,0,0
234,221,215,light,shaded,6,74,0,0
204,148,190,saturated,bright,36,39,0,0
175,148,104,deep,shaded,14,31,0,0
221,189,186,soft,subdued,3,55,0,0
232,230,232,pale,bright,34,80,0,0
240,222,211,light,muted,6,74,0,0
166,154,92,deep,subdued,19,31,0,0
98,116,171,deep,bright,33,19,0,0
154,205,169,midtone,bright,23,53,0,0
200,177,101,saturated,muted,18,43,0,0
243,228,213,pale,bright,9,79,0,0
217,228,158,soft,bright,20,71,0,0
243,223,212,light,bright,8,75,0,0
236,240,229,pale,pure,22,86,0,0
227,199,198,soft,shaded,3,61,0,0
184,160,42,dark,bright,18,32,0,0
245,229,220,light,pure,7,79,0,0
92,95,75,dark,neutral,22,11,0,0
227,203,192,soft,shaded,6,63,0,0
228,176,149,midtone,bright,8,48,0,0
220,238,219,light,pure,23,81,0,0
166,162,63,deep,bright,19,33,0,0
206,185,196,midtone,shaded,1,52,0,0
226,199,182,soft,subdued,9,60,0,0
240,232,221,pale,muted,11,81,0,0
236,219,210,pale,subdued,8,73,0,0
129,141,179,saturated,muted,33,28,0,0
230,157,173,midtone,bright,2,44,0,0
167,153,84,saturated,muted,19,31,0,0
246,219,211,light,pure,5,74,0,0
164,132,84,dark,subdued,15,24,0,0
244,222,217,light,muted,5,75,0,0
222,234,216,light,bright,22,78,0,0
82,167,134,saturated,bright,24,31,0,0
245,226,222,pale,pure,5,78,0,0
232,211,201,light,subdued,8,68,0,0
226,188,179,midtone,subdued,6,54,0,0
96,106,136,deep,subdued,33,15,0,0
216,183,207,midtone,muted,36,53,0,0
228,239,222,soft,pure,22,83,0,0
241,211,202,soft,subdued,7,69,0,0
243,224,219,pale,bright,5,77,0,0
230,193,187,soft,muted,4,58,0,0
140,108,111,deep,shaded,2,17,0,0
236,241,226,pale,pure,21,85,0,0
225,217,220,light,shaded,1,71,0,0
156,118,71,dark,subdued,14,20,0,0
228,232,225,pale,neutral,24,80,0,0
176,134,147,saturated,subdued,1,28,0,0
181,159,85,deep,muted,18,35,0,0
234,221,225,light,muted,1,75,0,0
237,229,232,pale,pure,36,82,0,0
230,205,202,soft,neutral,3,64,0,0
217,230,166,midtone,pure,19,72,0,0
232,210,227,soft,bright,36,69,0,0
219,204,211,soft,shaded,1,63,0,0
209,118,140,saturated,bright,2,29,0,0
180,137,125,saturated,shaded,6,28,0,0
227,206,198,soft,shaded,7,64,0,0
114,102,71,dark,shaded,18,13,0,0
218,192,186,soft,shaded,5,56,0,0
226,227,235,pale,subdued,34,77,0,0
235,207,201,light,subdued,5,65,0,0
131,139,164,saturated,subdued,33,26,0,0
173,125,118,saturated,shaded,5,25,0,0
239,240,211,pale,pure,19,83,0,0
227,209,204,light,neutral,5,66,0,0
230,222,230,pale,muted,35,74,0,0
206,176,42,deep,bright,18,42,0,0
236,212,210,light,shaded,3,69,0,0
227,208,213,soft,subdued,1,66,0,0
241,221,216,light,subdued,7,74,0,0
247,223,215,soft,pure,6,76,0,0
240,185,169,midtone,pure,7,55,0,0
227,164,184,midtone,bright,1,47,0,0
232,222,234,light,pure,35,76,0,0
227,237,224,pale,bright,22,82,0,0
218,214,223,light,subdued,35,68,0,0
246,216,215,light,pure,4,73,0,0
229,236,183,soft,pure,20,78,0,0
187,162,98,deep,subdued,17,36,0,0
222,234,170,midtone,pure,20,75,0,0
231,194,222,midtone,pure,36,62,0,0
231,223,227,pale,subdued,36,76,0,0
218,222,233,light,bright,33,72,0,0
107,109,133,deep,shaded,34,16,0,0
229,216,225,light,subdued,36,71,0,0
238,222,216,pale,shaded,5,75,0,0
219,220,226,light,shaded,34,72,0,0
244,217,200,light,pure,9,71,0,0
241,210,201,soft,muted,5,67,0,0
135,114,82,dark,neutral,15,17,0,0
229,218,225,pale,muted,36,73,0,0
220,202,216,soft,subdued,36,63,0,0
237,235,180,light,bright,19,79,0,0
162,139,54,dark,muted,18,26,0,0
167,138,80,dark,subdued,16,26,0,0
205,212,127,deep,pure,19,60,0,0
243,236,231,pale,bright,6,84,0,0
154,132,94,deep,shaded,15,24,0,0
116,135,198,deep,pure,33,26,0,0
216,194,202,soft,neutral,1,58,0,0
230,236,214,pale,bright,21,81,0,0
173,110,160,deep,bright,36,23,0,0
243,217,214,pale,bright,4,73,0,0
159,144,73,deep,muted,19,27,0,0
235,223,234,pale,pure,35,77,0,0
145,119,71,deep,shaded,16,19,0,0
225,190,217,midtone,bright,36,58,0,0
174,149,80,dark,subdued,17,30,0,0
232,202,192,soft,subdued,8,63,0,0
221,224,232,pale,bright,33,75,0,0
140,127,60,dark,muted,19,21,0,0
166,126,75,dark,muted,15,23,0,0
233,225,232,pale,bright,35,77,0,0
233,207,200,soft,subdued,6,65,0,0
139,113,75,dark,shaded,14,17,0,0
235,240,214,pale,bright,20,84,0,0
238,225,235,light,pure,36,77,0,0
237,238,197,pale,bright,19,81,0,0
237,239,203,light,pure,20,82,0,0
222,226,236,pale,pure,33,77,0,0
228,232,167,soft,pure,19,75,0,0
244,226,214,pale,bright,8,77,0,0
237,216,210,light,subdued,6,70,0,0
242,227,220,light,bright,6,78,0,0
236,240,218,pale,pure,20,84,0,0
236,155,157,midtone,bright,4,43,0,0
168,148,107,saturated,shaded,15,30,0,0
174,153,107,saturated,shaded,17,33,0,0
234,236,185,light,pure,19,79,0,0
243,233,224,pale,pure,6,82,0,0
141,121,79,deep,shaded,17,20,0,0
242,235,225,pale,pure,8,83,0,0
119,98,58,dark,shaded,16,12,0,0
235,226,232,pale,bright,36,79,0,0
136,114,77,dark,shaded,15,17,0,0
244,229,221,pale,muted,6,80,0,0
130,113,77,dark,shaded,17,17,0,0
234,224,232,light,bright,36,77,0,0
